ym,rc1,n_all,n_card,s_fare,s_extra,s_mta,s_imp,s_cs,s_cbd,s_air,s_tolls,s_ptt,s_tip
2019-01,0,233639,185217,9388969.989999859,107427.01000000001,80198.5,55375.50000016322,0.0,0,0,816896.5300008476,10449942.469997626,1673927.4999994498
2019-01,1,7349020,5276044,59694991.86,1725086.5100000005,2637854.5500000003,1582800.0001499415,55.0,0,0,1137192.090001547,66809023.63399972,12273585.620026907
2019-01,,28444,0,,,,,,,,,,
2019-02,0,223341,178535,9052140.899999762,186466.31999999998,75199.1,53411.100000144164,264377.75,0,0,801923.5800008002,10350012.559996426,1637564.2999996818
2019-02,1,6717762,4983979,58175434.150000036,5884875.3999999985,2491648.0,1495184.7001363419,11144253.5,0,0,1158699.540001571,76141349.63348164,13480277.940033711
2019-02,,29421,0,,,,,,,,,,
2019-03,0,275498,219612,11231732.469999958,235783.2099999999,92042.1,65696.70000026334,342379.25,0,0,997740.9800010143,12855245.030016784,2053650.7899996876
2019-03,1,7474518,5478199,65127273.300000295,6737655.169999997,2738882.82,1643449.2001593555,12895226.75,0,0,1319704.210002013,85583500.06192008,15210025.160044244
2019-03,,33385,0,,,,,,,,,,
2019-04,0,250101,186709,10030459.709999971,236179.85999999996,79436.3,55811.40000016745,326953.0,0,0,958536.4099995104,11582906.939997986,1970119.420001186
2019-04,1,7106618,5145731,61399746.36000093,6353529.950000024,2572620.2,1543704.000143873,12150721.5,0,0,1271371.9700032596,80744042.65269624,14407795.510043114
2019-04,,42362,0,,,,,,,,,,
2019-05,0,260963,195403,10757843.389999986,248070.74,83870.09,58401.90000019258,359665.25,0,0,1034797.8699994688,12428630.81000076,2180287.5400011167
2019-05,1,7224754,5239383,63797354.77000197,6345093.499999994,2619425.13,1571794.2001482332,12365428.55,0,0,1356805.310004734,83515408.33255194,14836793.800044302
2019-05,,32713,0,,,,,,,,,,
2019-06,0,250484,190538,10497913.500000007,233868.90999999997,81714.64000000001,56933.10000017833,348790.0,0,0,1002236.0699994818,12112232.969999965,2118237.750001218
2019-06,1,6614650,4773584,58655569.0600114,5691577.569999997,2386759.4299999904,1431999.0001265341,11231824.75,0,0,1216146.0100022682,76521971.07370299,13539075.750037389
2019-06,,30721,0,,,,,,,,,,
2019-07,0,229527,171574,9481964.689999875,210695.65000000002,73393.55000000002,51225.60000012296,311914.0,0,0,879679.5799995471,10914209.17999654,1868548.6100011892
2019-07,1,5976323,4234563,51159611.300009735,5006087.749999996,2116973.4000000004,1270341.9001014417,9958954.75,0,0,1033003.2399993581,67008661.53525378,11839213.870025778
2019-07,,33934,0,,,,,,,,,,
2019-08,0,227146,167505,9264215.309999911,198170.81999999995,70850.1,49965.300000110736,298557.5,0,0,863092.4399995616,10655066.789995432,1820049.0700010967
2019-08,1,5741933,4031520,48366715.99000742,4760145.229999995,2015469.36,1209430.500091987,9493734.0,0,0,1017202.9999993728,63491613.23580115,11266689.740023796
2019-08,,33298,0,,,,,,,,,,
2019-09,0,243915,184522,10164171.519999959,221778.41999999993,77622.93000000002,55084.8900001604,336347.5,0,0,954045.8199995223,11708871.669999335,2037925.330001299
2019-09,1,6214806,4523833,55424186.30001115,5282156.00999999,2261807.4400000004,1357119.1501149114,10718449.25,0,0,1086885.570000014,72376348.16445556,12850900.530033767
2019-09,,34054,0,,,,,,,,,,
2019-10,0,257038,193329,10669833.93,234874.6399999999,80856.5,57697.50000018575,352921.05,0,0,1000973.859999492,12294261.68000065,2150399.550001198
2019-10,1,6830539,5003241,60717845.21001124,5821141.249999986,2501606.8,1500926.7001372331,11908645.75,0,0,1171274.0500014927,79515195.50312464,14229206.470041793
2019-10,,46690,0,,,,,,,,,,
2019-11,0,232382,177399,9762905.619999891,197307.69999999995,73382.00000000001,52927.800000139476,320510.0,0,0,910790.009999544,11225436.279998237,1969940.6700013115
2019-11,1,6521517,4781285,57218531.56001493,5373836.659999992,2390438.3,1434350.100126899,11391024.5,0,0,1057309.6599995124,75009880.3736141,13441591.850038098
2019-11,,47241,0,,,,,,,,,,
2019-12,0,242022,182532,10099859.839999883,202013.6,74222.28,54435.0000001541,323075.0,0,0,931015.2399995486,11596996.489999605,2024210.800001335
2019-12,1,6523005,4673964,56349547.230012834,5240335.499999988,2336765.9800000135,1402121.7001218966,11098647.0,0,0,1077502.3799998534,73830238.98381577,13383516.760035196
2019-12,,50989,0,,,,,,,,,,
2023-10,0,194509,160178,10755928.51999997,197648.25,67277.65,159915.09999999998,264785.0,0,144170.25,872247.9500001792,12389493.41999567,1945605.1999998633
2023-10,1,3117394,2586588,45126022.65000024,4297743.029999998,1292448.8,2586343.400000003,6178962.5,0,269374.0,933471.5100002422,59168425.18999411,10466927.45000057
2023-10,,154232,0,,,,,,,,,,
2023-11,0,175616,145750,9691341.379999958,168992.75,60953.8,145493.5,235957.5,0,127967.0,772481.2800001632,11140551.159996083,1734456.3499999281
2023-11,1,2977458,2480933,42835905.89000042,4044074.0299999975,1240045.0,2480746.800000003,5941625.5,0,256413.5,888987.8800002385,56230339.3999937,10006577.570000865
2023-11,,131895,0,,,,,,,,,,
2023-12,0,177000,144030,9517453.109999971,162406.04,58797.0,143822.6,223750.0,0,117241.25,744613.5700001525,10910882.76999636,1664706.9199999701
2023-12,1,2962183,2426977,41772200.23999973,3986894.339999999,1212882.01,2426775.200000002,5822455.0,0,228270.0,809957.2800002147,54796533.86999267,9840212.080001114
2023-12,,174404,0,,,,,,,,,,
2024-01,0,156033,133120,8433064.989999954,138722.0,56458.2,132947.2,195857.5,0,111797.0,637048.6200001475,9657756.659996625,1415036.5499999681
2024-01,1,2617462,2182699,34367272.60999887,3496335.8999999994,1090601.5,2182515.700000001,5226839.5,0,207298.0,654809.6900001693,45948560.09999526,8212505.170000413
2024-01,,136691,0,,,,,,,,,,
2024-02,0,147741,126411,7873430.909999981,132361.5,53389.75,126279.20000000001,182050.0,0,98976.5,606297.6800001394,9028588.039996825,1319103.8700000062
2024-02,1,2623272,2212554,35217688.790000476,3586760.4899999993,1105351.5,2212244.700000002,5317105.0,0,195403.25,669271.7600001742,47013213.58999637,8368373.630000673
2024-02,,177575,0,,,,,,,,,,
2024-03,0,187904,160472,10046265.689999957,164064.64,68220.05,160307.7,233930.0,0,129501.75,787467.3000001938,11534541.229995726,1694060.0899999305
2024-03,1,2906158,2432947,39813952.42000097,3993959.5399999963,1215438.5,2432584.700000003,5836818.0,0,238066.5,827649.3000002243,52928449.459995255,9421899.590001065
2024-03,,401558,0,,,,,,,,,,
2024-04,0,191405,162307,10143640.709999962,168734.6,68552.0,162073.80000000002,231900.0,0,127450.25,789953.7600001942,11640647.36999571,1690649.1499999203
2024-04,1,2852537,2389819,39552767.62000002,4013719.309999997,1194087.5,2389571.100000004,5725624.5,0,241527.0,816636.4100002213,52517446.93999365,9355345.610001048
2024-04,,384360,0,,,,,,,,,,
2024-05,0,206672,175001,11109045.399999954,183029.12,72867.55,138682.5,251627.5,0,136871.75,863105.4100002043,12698676.079995796,1859965.6099998849
2024-05,1,3044499,2549227,43488925.27000025,4320270.960000001,1273770.5,2549001.2000000034,6107105.0,0,266827.25,907592.320000239,57393585.84999272,10175348.700000752
2024-05,,381146,0,,,,,,,,,,
2024-06,0,193862,165004,10548462.099999962,172970.18,67866.0,132241.3,238350.75,0,132038.25,810822.7500002007,12047285.029995667,1758397.4599999036
2024-06,1,2867553,2401676,40502182.310000755,3979320.7199999997,1200055.53,2401472.4000000022,5752877.02,0,249344.5,840755.5800002303,53508754.08999395,9429159.240001086
2024-06,,387199,0,,,,,,,,,,
2024-07,0,198747,168715,10554527.589999974,171482.72999999998,69953.5,130887.20000000001,233847.5,0,137373.25,789580.240000196,12036283.209998423,1677611.4199998593
2024-07,1,2531065,2080478,35033002.76999936,3438928.0999999996,1039776.5,2080275.5000000014,4946432.5,0,239877.75,706940.4800001866,46300339.949995264,8094101.510000418
2024-07,,264320,0,,,,,,,,,,
2024-08,0,201378,170695,10647517.319999974,166930.47999999998,70014.25,131968.2,230222.5,0,134016.75,786542.8400001932,12118552.539998459,1670838.6999998726
2024-08,1,2448362,2002298,33821643.05999888,3286449.4900000007,1000675.5,2002102.0000000019,4743287.5,0,238915.25,713009.9300001883,44690325.97999515,7793038.310000401
2024-08,,249353,0,,,,,,,,,,
2024-09,0,212046,182233,11751263.679999974,190767.97999999998,74099.3,149693.90000000002,270170.0,0,153698.5,896264.0700002265,13426535.629997946,1976884.769999743
2024-09,1,2862469,2418978,42443900.26000111,3980012.96,1208839.85,2418762.700000002,5776976.0,0,255938.75,850181.9500002319,55537427.96999523,9736095.250000948
2024-09,,451484,0,,,,,,,,,,
2025-01,0,170361,148230,8925045.829999972,147261.44,60829.25,111775.0,197710.0,46844.25,108016.75,664158.1200001354,10215731.239996575,1425809.4400001708
2025-01,1,2688181,2293144,34875249.61999996,3831854.1000000006,1146228.0,2293136.0,5518415.0,1163072.25,195405.75,632373.7300001594,48143525.79999669,8572072.179999638
2025-01,,452058,0,,,,,,,,,,
2025-02,0,150653,131574,7844761.16999999,133635.4,53988.25,96747.0,171152.5,48260.25,99172.25,576266.4900001097,8981341.329997163,1246954.7800001604
2025-02,1,2548984,2201700,33710456.03999992,3755154.419999999,1100439.0,2201693.0,5302067.5,1268714.25,183867.75,601498.4300001499,46597136.1599973,8218381.240000047
2025-02,,678680,0,,,,,,,,,,
2025-03,0,196941,172378,10620832.659999976,184606.34,69555.5,132977.0,239925.0,67455.5,135423.5,786739.5200001516,12180286.239996586,1739995.78000018
2025-03,1,2944859,2528483,40159452.420000136,4244874.799999998,1263683.0,2528467.0,6078038.5,1486987.5,234882.75,794902.970000203,55157211.77999473,9718868.859999405
2025-03,,775799,0,,,,,,,,,,
2025-04,0,200224,172442,10584924.029999968,194575.51,68818.0,131698.0,234455.0,67423.5,131926.5,767231.1500001459,12127342.279996185,1718666.8500001929
2025-04,1,2934084,2511006,40487615.74000163,4236413.39,1254940.25,2511003.0,6039467.5,1463296.5,233912.25,768955.240000196,55432946.97999604,9778471.63999935
2025-04,,630757,0,,,,,,,,,,
2025-05,0,228232,197729,12515965.499999952,220546.51,78320.3,154940.3,278527.5,79716.75,161437.0,889905.3900001715,14314139.999998279,2073282.5899999607
2025-05,1,3069442,2640497,44631638.310000174,4475040.389999999,1319396.6400000001,2640489.0,6321067.5,1526097.0,280462.0,864147.6900002196,60402926.08999584,10596565.17999943
2025-05,,906941,0,,,,,,,,,,
2025-06,0,216565,189185,11779711.779999996,206417.19,75186.75,142592.0,258287.5,73450.5,153008.0,810420.4300001636,13438807.639998391,1919832.3199999793
2025-06,1,2800294,2402178,40094279.420000754,4072256.169999999,1200443.75,2402166.0,5733440.0,1406351.25,268565.5,788371.0300002084,54479120.57999607,9561859.629999386
2025-06,,1008986,0,,,,,,,,,,
