ym,v,band,rate_bin,n
2012-04,1,hi,21.0,61962
2012-04,2,lo,27.5,23262
2012-04,1,hi,17.0,4089
2012-04,1,lo,20.0,13939
2012-04,2,lo,10.0,16760
2012-04,1,lo,7.5,11907
2012-04,1,lo,29.5,18071
2012-04,1,hi,17.5,3540
2012-04,1,hi,30.5,8435
2012-04,1,hi,18.0,8709
2012-04,2,hi,11.5,5962
2012-04,1,lo,5.5,1600
2012-04,2,hi,9.0,3863
2012-04,2,hi,12.5,8091
2012-04,2,hi,13.5,4260
2012-04,1,hi,2.0,413
2012-04,2,lo,3.5,333
2012-04,1,hi,31.0,10143
2012-04,1,hi,15.5,6465
2012-04,1,hi,3.0,447
2012-04,2,lo,38.0,267
2012-04,1,lo,14.5,56477
2012-04,1,hi,8.5,4596
2012-04,1,hi,19.0,4642
2012-04,1,lo,36.0,4382
2012-04,1,lo,19.5,11569
2012-04,2,hi,4.5,1401
2012-04,1,lo,1.0,1546
2012-04,1,lo,39.5,678
2012-04,1,lo,42.0,175
2012-04,1,hi,33.0,1213
2012-04,2,lo,39.0,1232
2012-04,2,hi,32.0,833
2012-04,1,hi,29.0,1975
2012-04,1,hi,35.0,653
2012-04,2,hi,34.5,125
2012-04,2,hi,36.5,105
2012-04,2,hi,37.5,136
2012-04,2,hi,44.5,192
2012-04,2,hi,40.5,63
2012-04,1,lo,17.0,22893
2012-04,1,lo,17.5,68977
2012-04,2,lo,22.0,123300
2012-04,1,lo,15.5,65305
2012-04,2,hi,11.0,10331
2012-04,1,lo,31.0,28029
2012-04,1,lo,18.0,7779
2012-04,1,lo,21.0,253964
2012-04,2,lo,37.0,1057
2012-04,1,lo,2.0,1293
2012-04,2,hi,12.0,7269
2012-04,2,lo,24.0,17226
2012-04,2,hi,24.5,766
2012-04,1,lo,30.5,11453
2012-04,1,hi,5.5,3859
2012-04,1,hi,20.0,12945
2012-04,2,hi,8.0,2107
2012-04,1,hi,7.5,2475
2012-04,2,hi,5.0,1833
2012-04,2,hi,7.0,1218
2012-04,2,hi,23.0,748
2012-04,2,hi,0.5,209
2012-04,1,hi,29.5,3152
2012-04,2,hi,41.5,98
2012-04,2,hi,43.5,80
2012-04,1,lo,3.0,356
2012-04,2,hi,32.5,236
2012-04,2,hi,31.5,1512
2012-04,1,lo,24.5,79307
2012-04,1,lo,23.0,96385
2012-04,2,lo,18.5,15235
2012-04,1,lo,0.5,762
2012-04,2,lo,26.0,34081
2012-04,1,lo,11.0,55790
2012-04,2,hi,30.5,5124
2012-04,1,lo,32.5,22816
2012-04,2,hi,31.0,5888
2012-04,2,hi,21.0,18554
2012-04,1,lo,43.5,1703
2012-04,1,lo,12.0,40711
2012-04,1,lo,7.0,9374
2012-04,1,hi,13.5,5358
2012-04,2,lo,4.0,843
2012-04,1,hi,12.5,11487
2012-04,2,lo,13.0,32768
2012-04,2,hi,18.0,5781
2012-04,1,lo,8.0,14950
2012-04,1,hi,11.5,8484
2012-04,1,lo,41.5,587
2012-04,2,hi,17.0,3056
2012-04,2,hi,3.0,270
2012-04,2,hi,15.5,5236
2012-04,2,lo,25.0,140811
2012-04,2,lo,34.0,3059
2012-04,1,hi,9.0,5659
2012-04,2,hi,17.5,2530
2012-04,2,hi,2.0,179
2012-04,2,lo,44.0,423
2012-04,1,lo,5.0,1469
2012-04,1,lo,31.5,18102
2012-04,2,lo,42.5,220
2012-04,2,lo,12.0,28029
2012-04,1,hi,28.0,6655
2012-04,2,lo,11.0,38661
2012-04,2,lo,24.5,29858
2012-04,1,lo,13.0,46988
2012-04,2,lo,32.5,11936
2012-04,2,lo,31.5,10590
2012-04,1,lo,18.5,21142
2012-04,2,lo,7.0,6475
2012-04,1,hi,16.0,5531
2012-04,1,lo,34.0,9505
2012-04,2,lo,8.0,10343
2012-04,1,lo,25.0,22460
2012-04,2,lo,0.5,469
2012-04,2,hi,24.0,745
2012-04,1,lo,42.5,438
2012-04,1,lo,26.0,58227
2012-04,2,lo,23.0,26040
2012-04,1,lo,4.0,1343
2012-04,1,hi,15.0,5915
2012-04,2,hi,22.0,2467
2012-04,1,hi,27.0,4053
2012-04,2,lo,43.5,1021
2012-04,1,lo,44.0,779
2012-04,2,lo,5.0,991
2012-04,1,hi,30.0,4043
2012-04,2,lo,41.5,333
2012-04,1,hi,33.5,2655
2012-04,1,hi,43.0,163
2012-04,2,hi,37.0,96
2012-04,1,lo,27.5,50179
2012-04,2,lo,7.5,8234
2012-04,1,lo,10.0,23341
2012-04,1,hi,24.0,12136
2012-04,1,lo,38.0,1413
2012-04,2,hi,30.0,12104
2012-04,2,hi,15.0,4529
2012-04,2,lo,29.5,3707
2012-04,2,hi,16.0,4250
2012-04,2,lo,20.0,426160
2012-04,1,hi,22.0,12184
2012-04,2,lo,5.5,1120
2012-04,2,hi,33.5,391
2012-04,1,lo,3.5,599
2012-04,2,hi,27.0,336
2012-04,2,hi,28.0,316
2012-04,1,hi,37.0,1074
2012-04,2,hi,43.0,61
2012-04,2,lo,13.5,34563
2012-04,1,lo,28.0,38522
2012-04,1,hi,26.0,21785
2012-04,1,lo,15.0,18687
2012-04,2,lo,11.5,8058
2012-04,1,lo,27.0,60358
2012-04,2,lo,12.5,27614
2012-04,1,lo,30.0,11892
2012-04,2,lo,9.0,17613
2012-04,1,hi,18.5,3792
2012-04,1,lo,33.5,19535
2012-04,1,lo,16.0,20685
2012-04,1,hi,25.0,11364
2012-04,1,hi,13.0,7894
2012-04,2,hi,10.0,5818
2012-04,1,hi,4.0,1061
2012-04,2,hi,3.5,383
2012-04,1,lo,43.0,567
2012-04,2,hi,27.5,293
2012-04,1,hi,34.0,447
2012-04,1,hi,44.0,89
2012-04,1,hi,42.5,90
2012-04,2,hi,38.0,79
2012-04,1,lo,22.0,259918
2012-04,2,lo,21.0,144592
2012-04,1,lo,24.0,60457
2012-04,2,lo,15.5,44972
2012-04,2,lo,17.0,16802
2012-04,2,lo,17.5,46300
2012-04,2,lo,31.0,13594
2012-04,2,hi,26.0,10194
2012-04,2,hi,18.5,2513
2012-04,2,hi,13.0,5567
2012-04,1,hi,10.0,8355
2012-04,1,lo,37.0,2849
2012-04,1,hi,27.5,2767
2012-04,2,lo,18.0,5690
2012-04,2,hi,25.0,37326
2012-04,2,lo,2.0,759
2012-04,2,lo,3.0,201
2012-04,2,lo,30.5,4047
2012-04,2,hi,4.0,635
2012-04,1,hi,3.5,643
2012-04,2,hi,34.0,105
2012-04,1,hi,38.0,660
2012-04,2,hi,42.5,70
2012-04,2,hi,44.0,48
2012-04,1,hi,23.5,9108
2012-04,1,lo,39.0,3067
2012-04,1,hi,14.0,4374
2012-04,2,lo,14.5,39827
2012-04,2,hi,10.5,4339
2012-04,2,lo,19.5,7862
2012-04,1,hi,20.5,82840
2012-04,1,hi,25.5,25989
2012-04,2,lo,1.0,811
2012-04,2,lo,36.0,1322
2012-04,2,hi,9.5,3705
2012-04,1,hi,0.0,1006
2012-04,2,lo,39.5,374
2012-04,1,hi,38.5,583
2012-04,1,hi,40.0,300
2012-04,2,hi,28.5,146
2012-04,2,lo,42.0,47
2012-04,2,hi,2.5,144
2012-04,2,hi,1.5,116
2012-04,2,lo,35.0,6252
2012-04,1,lo,23.5,89115
2012-04,1,lo,20.5,98715
2012-04,2,lo,8.5,12715
2012-04,1,lo,14.0,26034
2012-04,2,lo,19.0,37190
2012-04,2,lo,33.0,12949
2012-04,2,hi,16.5,3773
2012-04,2,lo,29.0,10014
2012-04,1,lo,40.0,1352
2012-04,1,lo,25.5,21798
2012-04,1,lo,38.5,1678
2012-04,1,hi,39.0,484
2012-04,2,hi,26.5,4248
2012-04,1,lo,0.0,2011
2012-04,2,hi,35.5,138
2012-04,2,hi,41.0,52
2012-04,2,hi,45.0,21
2012-04,1,lo,21.5,248520
2012-04,1,lo,22.5,133560
2012-04,2,lo,26.5,35959
2012-04,1,lo,6.0,1999
2012-04,1,lo,6.5,4855
2012-04,2,lo,41.0,5605
2012-04,2,lo,16.5,41572
2012-04,1,hi,44.5,311
2012-04,2,lo,35.5,3785
2012-04,1,hi,32.0,5189
2012-04,2,hi,8.5,3159
2012-04,1,hi,34.5,527
2012-04,1,hi,40.5,180
2012-04,2,hi,19.0,2873
2012-04,1,hi,4.5,2250
2012-04,1,hi,36.5,1184
2012-04,2,lo,45.0,256
2012-04,2,hi,29.0,171
2012-04,1,hi,37.5,950
2012-04,2,hi,33.0,132
2012-04,2,hi,35.0,77
2012-04,1,lo,19.0,56746
2012-04,1,lo,33.0,22655
2012-04,1,lo,8.5,17802
2012-04,2,lo,20.5,57564
2012-04,1,lo,29.0,26906
2012-04,2,lo,23.5,26511
2012-04,2,lo,14.0,18197
2012-04,1,hi,19.5,3490
2012-04,2,hi,6.0,4384
2012-04,2,hi,21.5,3944
2012-04,1,lo,35.0,12056
2012-04,1,hi,1.0,261
2012-04,2,hi,6.5,4149
2012-04,1,hi,14.5,4922
2012-04,2,lo,0.0,936
2012-04,2,lo,25.5,1541
2012-04,2,hi,22.5,1100
2012-04,1,hi,36.0,970
2012-04,2,lo,40.0,203
2012-04,2,lo,38.5,427
2012-04,1,hi,39.5,250
2012-04,1,hi,42.0,124
2012-04,2,lo,21.5,117221
2012-04,1,lo,16.5,61180
2012-04,1,lo,26.5,71408
2012-04,2,lo,22.5,47143
2012-04,2,hi,25.5,21254
2012-04,2,hi,20.5,74466
2012-04,1,lo,35.5,8947
2012-04,1,hi,10.5,6538
2012-04,1,hi,9.5,5319
2012-04,1,lo,41.0,9082
2012-04,2,lo,6.0,1323
2012-04,2,hi,0.0,442
2012-04,2,hi,14.0,3334
2012-04,2,lo,6.5,3455
2012-04,1,lo,45.0,373
2012-04,1,hi,1.5,191
2012-04,1,hi,28.5,1001
2012-04,2,hi,23.5,712
2012-04,1,hi,2.5,308
2012-04,2,hi,38.5,105
2012-04,2,hi,40.0,108
2012-04,1,lo,12.5,39799
2012-04,2,lo,15.0,13575
2012-04,1,lo,11.5,11283
2012-04,2,hi,20.0,110417
2012-04,1,hi,31.5,7787
2012-04,1,hi,24.5,12997
2012-04,1,lo,13.5,49718
2012-04,1,hi,11.0,14907
2012-04,1,lo,9.0,24542
2012-04,2,lo,16.0,14936
2012-04,2,lo,27.0,26649
2012-04,1,hi,8.0,3316
2012-04,2,lo,28.0,14352
2012-04,2,hi,5.5,2600
2012-04,2,hi,7.5,1520
2012-04,2,lo,33.5,9320
2012-04,1,hi,12.0,9903
2012-04,1,hi,23.0,5048
2012-04,1,hi,5.0,2770
2012-04,1,hi,7.0,1842
2012-04,2,lo,30.0,60037
2012-04,1,hi,0.5,433
2012-04,2,lo,43.0,397
2012-04,1,hi,32.5,2376
2012-04,2,hi,29.5,305
2012-04,1,hi,41.5,210
2012-04,1,hi,43.5,116
2012-04,1,hi,21.5,21686
2012-04,1,lo,36.5,6036
2012-04,1,lo,34.5,7247
2012-04,1,hi,6.0,6727
2012-04,1,lo,32.0,22003
2012-04,2,lo,10.5,20194
2012-04,1,lo,37.5,10376
2012-04,2,hi,42.0,70
2012-04,1,hi,6.5,6111
2012-04,2,hi,19.5,2294
2012-04,2,lo,9.5,13575
2012-04,1,hi,22.5,22390
2012-04,2,lo,28.5,10866
2012-04,1,lo,44.5,5512
2012-04,2,lo,1.5,682
2012-04,1,lo,40.5,296
2012-04,1,lo,4.5,823
2012-04,2,hi,14.5,3796
2012-04,2,lo,2.5,322
2012-04,2,hi,36.0,90
2012-04,2,hi,1.0,182
2012-04,2,hi,39.5,78
2012-04,1,lo,9.5,19150
2012-04,1,hi,26.5,17112
2012-04,1,lo,28.5,24410
2012-04,2,lo,32.0,11341
2012-04,2,lo,44.5,3599
2012-04,1,lo,10.5,28800
2012-04,1,hi,35.5,1038
2012-04,2,lo,37.5,5671
2012-04,1,lo,1.5,1226
2012-04,1,hi,16.5,5036
2012-04,2,lo,4.5,538
2012-04,1,lo,2.5,607
2012-04,2,lo,36.5,2561
2012-04,2,hi,39.0,117
2012-04,1,hi,41.0,165
2012-04,2,lo,40.5,150
2012-04,2,lo,34.5,2406
2012-04,1,hi,45.0,37
2012-05,1,hi,24.0,13681
2012-05,1,lo,19.0,55154
2012-05,1,lo,29.0,26814
2012-05,1,lo,35.0,11724
2012-05,1,lo,33.0,22554
2012-05,2,lo,27.0,28126
2012-05,2,lo,33.5,9681
2012-05,2,lo,16.0,15764
2012-05,2,lo,30.0,66360
2012-05,1,hi,22.0,13094
2012-05,2,lo,28.0,14960
2012-05,1,lo,8.5,18671
2012-05,2,lo,15.0,14366
2012-05,2,hi,4.5,1565
2012-05,2,hi,34.5,142
2012-05,2,lo,43.0,400
2012-05,2,hi,32.0,995
2012-05,1,hi,37.0,1121
2012-05,2,hi,37.5,131
2012-05,2,hi,44.5,246
2012-05,2,hi,36.5,131
2012-05,2,hi,40.5,75
2012-05,1,lo,30.5,10950
2012-05,1,lo,15.5,64535
2012-05,1,lo,31.0,28590
2012-05,1,lo,17.5,66847
2012-05,1,hi,20.5,92400
2012-05,2,hi,11.5,6661
2012-05,2,hi,13.5,4838
2012-05,1,lo,21.0,265595
2012-05,1,lo,17.0,22861
2012-05,1,hi,14.0,4846
2012-05,1,hi,23.5,10780
2012-05,1,hi,25.5,28831
2012-05,2,hi,12.5,8881
2012-05,2,lo,9.5,14477
2012-05,2,lo,10.5,21490
2012-05,2,hi,9.0,4573
2012-05,2,lo,1.5,745
2012-05,1,lo,18.0,7720
2012-05,1,hi,0.0,1067
2012-05,2,lo,28.5,11348
2012-05,1,hi,38.5,649
2012-05,1,hi,40.0,301
2012-05,1,lo,2.0,1459
2012-05,1,lo,3.0,374
2012-05,2,lo,2.5,342
2012-05,1,lo,13.5,49492
2012-05,2,lo,14.0,19449
2012-05,2,hi,15.5,5857
2012-05,2,lo,20.5,59954
2012-05,2,hi,21.0,21206
2012-05,1,lo,11.5,11543
2012-05,2,hi,2.0,206
2012-05,1,lo,12.5,39750
2012-05,2,hi,31.0,6662
2012-05,2,hi,30.5,5668
2012-05,2,hi,18.0,6532
2012-05,2,lo,23.5,27879
2012-05,1,hi,9.5,6019
2012-05,1,hi,10.5,7109
2012-05,1,lo,9.0,25387
2012-05,2,hi,17.5,2888
2012-05,1,hi,28.5,1106
2012-05,2,hi,17.0,3432
2012-05,2,lo,38.5,403
2012-05,2,lo,25.5,1689
2012-05,2,hi,3.0,322
2012-05,2,lo,0.0,1040
2012-05,1,hi,2.5,330
2012-05,2,lo,40.0,235
2012-05,1,hi,1.5,195
2012-05,1,lo,24.5,77369
2012-05,1,lo,23.0,98663
2012-05,1,hi,26.5,17949
2012-05,1,lo,32.5,23435
2012-05,1,lo,7.0,9792
2012-05,2,hi,5.5,2964
2012-05,2,hi,20.0,131292
2012-05,1,lo,8.0,15403
2012-05,1,lo,11.0,55117
2012-05,1,lo,31.5,18894
2012-05,1,lo,41.5,574
2012-05,1,lo,0.5,755
2012-05,1,hi,16.5,5370
2012-05,1,lo,12.0,40384
2012-05,1,lo,43.5,1652
2012-05,2,hi,7.5,1773
2012-05,2,lo,39.0,1288
2012-05,1,hi,35.5,1199
2012-05,1,lo,5.0,1507
2012-05,2,hi,29.5,321
2012-05,1,hi,45.0,29
2012-05,1,hi,41.0,179
2012-05,2,lo,16.5,42424
2012-05,1,lo,29.5,18094
2012-05,2,hi,11.0,11659
2012-05,1,lo,20.0,14155
2012-05,2,lo,26.5,37292
2012-05,2,hi,12.0,7835
2012-05,1,lo,7.5,12268
2012-05,2,hi,8.0,2544
2012-05,2,hi,23.0,795
2012-05,2,hi,7.0,1407
2012-05,2,hi,24.5,868
2012-05,2,lo,41.0,5617
2012-05,1,lo,5.5,1616
2012-05,2,hi,32.5,289
2012-05,2,lo,35.5,4133
2012-05,2,hi,5.0,2116
2012-05,2,lo,45.0,280
2012-05,1,hi,39.0,503
2012-05,2,hi,43.5,76
2012-05,2,hi,0.5,222
2012-05,2,hi,41.5,94
2012-05,2,hi,31.5,1733
2012-05,1,hi,16.0,5980
2012-05,1,lo,32.0,22672
2012-05,2,lo,22.0,127839
2012-05,1,lo,34.5,7541
2012-05,1,hi,28.0,7071
2012-05,1,lo,37.5,10344
2012-05,1,hi,15.0,6265
2012-05,2,hi,19.0,3192
2012-05,1,lo,44.5,5287
2012-05,1,hi,43.0,162
2012-05,2,lo,37.0,1045
2012-05,1,hi,33.5,2978
2012-05,1,lo,36.5,5965
2012-05,2,hi,35.0,122
2012-05,2,lo,24.0,18260
2012-05,1,hi,27.0,4480
2012-05,2,hi,8.5,3685
2012-05,1,lo,40.5,321
2012-05,2,hi,33.0,174
2012-05,1,hi,30.0,4334
2012-05,2,hi,29.0,230
2012-05,1,lo,4.5,837
2012-05,2,lo,26.0,35796
2012-05,1,lo,14.5,56695
2012-05,1,lo,1.0,1687
2012-05,1,lo,19.5,11411
2012-05,2,lo,18.5,15508
2012-05,2,lo,25.0,154328
2012-05,2,lo,13.0,33754
2012-05,1,hi,27.5,2975
2012-05,2,lo,44.0,474
2012-05,1,hi,3.5,739
2012-05,2,hi,6.0,5189
2012-05,2,hi,6.5,4779
2012-05,1,hi,10.0,9315
2012-05,1,lo,36.0,4492
2012-05,2,lo,34.0,3119
2012-05,2,lo,4.0,911
2012-05,2,lo,42.5,267
2012-05,2,hi,22.5,1251
2012-05,1,hi,38.0,741
2012-05,2,hi,21.5,4581
2012-05,1,lo,42.0,162
2012-05,1,lo,39.5,664
2012-05,1,hi,26.0,23257
2012-05,1,lo,22.5,137023
2012-05,1,lo,21.5,252118
2012-05,2,lo,27.5,24140
2012-05,1,lo,6.5,5088
2012-05,1,hi,25.0,11834
2012-05,2,hi,14.5,4247
2012-05,2,lo,10.0,17762
2012-05,2,hi,19.5,2555
2012-05,1,hi,13.0,8342
2012-05,1,hi,18.5,4136
2012-05,2,hi,1.0,224
2012-05,1,hi,4.0,1150
2012-05,2,lo,3.5,404
2012-05,1,lo,6.0,2014
2012-05,1,hi,34.0,529
2012-05,1,hi,44.0,81
2012-05,2,hi,39.5,88
2012-05,2,lo,38.0,270
2012-05,2,hi,42.0,61
2012-05,1,hi,42.5,98
2012-05,2,hi,36.0,123
2012-05,1,hi,11.0,15656
2012-05,1,hi,8.0,3641
2012-05,1,lo,26.5,72390
2012-05,1,lo,35.5,9179
2012-05,1,lo,16.5,59498
2012-05,1,hi,31.5,8407
2012-05,1,lo,41.0,8679
2012-05,1,hi,43.5,157
2012-05,1,hi,24.5,13692
2012-05,1,hi,32.5,2546
2012-05,2,lo,7.5,9007
2012-05,1,hi,12.0,10826
2012-05,1,hi,5.0,3044
2012-05,2,lo,20.0,467012
2012-05,1,hi,23.0,6061
2012-05,2,lo,29.5,3887
2012-05,1,hi,7.0,2098
2012-05,1,hi,0.5,520
2012-05,1,hi,41.5,234
2012-05,2,lo,5.5,1105
2012-05,1,lo,45.0,369
2012-05,2,hi,39.0,117
2012-05,2,lo,21.0,155105
2012-05,2,lo,15.5,46853
2012-05,1,hi,9.0,6136
2012-05,2,hi,20.5,81973
2012-05,1,hi,13.5,5764
2012-05,2,hi,25.5,22722
2012-05,1,lo,28.5,24786
2012-05,2,lo,18.0,5838
2012-05,1,lo,10.5,29557
2012-05,1,hi,12.5,12014
2012-05,1,lo,9.5,19217
2012-05,2,hi,14.0,3812
2012-05,2,lo,31.0,14114
2012-05,2,lo,17.0,17822
2012-05,2,lo,17.5,47222
2012-05,1,hi,11.5,9258
2012-05,2,lo,30.5,4175
2012-05,2,hi,23.5,858
2012-05,1,lo,2.5,621
2012-05,2,lo,2.0,684
2012-05,1,lo,1.5,1443
2012-05,2,hi,0.0,460
2012-05,2,hi,38.5,107
2012-05,2,hi,40.0,150
2012-05,2,lo,3.0,192
2012-05,1,lo,23.5,90713
2012-05,1,lo,20.5,100913
2012-05,1,hi,21.0,65848
2012-05,1,lo,14.0,26558
2012-05,1,lo,38.5,1750
2012-05,2,lo,12.5,29076
2012-05,2,lo,13.5,36276
2012-05,1,hi,18.0,9126
2012-05,2,lo,11.5,8565
2012-05,1,hi,15.5,6951
2012-05,1,hi,31.0,10946
2012-05,1,lo,0.0,2100
2012-05,2,lo,9.0,18871
2012-05,2,hi,10.5,4988
2012-05,2,hi,9.5,4257
2012-05,1,hi,17.0,4540
2012-05,2,hi,28.5,117
2012-05,1,lo,25.5,21941
2012-05,1,hi,30.5,9203
2012-05,1,hi,17.5,3707
2012-05,1,lo,40.0,1435
2012-05,1,hi,3.0,538
2012-05,1,hi,2.0,461
2012-05,2,hi,2.5,168
2012-05,2,hi,1.5,121
2012-05,2,lo,32.5,12404
2012-05,2,lo,12.0,29273
2012-05,1,hi,20.0,13827
2012-05,2,lo,11.0,40313
2012-05,2,lo,31.5,11214
2012-05,2,lo,7.0,7135
2012-05,2,lo,8.0,11088
2012-05,2,lo,24.5,29274
2012-05,2,lo,23.0,26675
2012-05,1,lo,39.0,2952
2012-05,1,hi,29.5,3597
2012-05,2,lo,41.5,354
2012-05,1,hi,5.5,4251
2012-05,2,hi,16.5,4466
2012-05,1,hi,7.5,2516
2012-05,2,hi,26.5,4806
2012-05,2,lo,43.5,997
2012-05,2,lo,0.5,536
2012-05,2,hi,45.0,21
2012-05,2,lo,5.0,989
2012-05,2,hi,41.0,67
2012-05,2,hi,35.5,161
2012-05,1,hi,4.5,2439
2012-05,1,hi,32.0,5601
2012-05,1,lo,28.0,38804
2012-05,1,lo,27.0,61191
2012-05,2,lo,19.0,37714
2012-05,2,lo,33.0,13619
2012-05,1,lo,15.0,18832
2012-05,1,lo,33.5,19734
2012-05,2,lo,8.5,13948
2012-05,1,lo,30.0,11733
2012-05,1,lo,16.0,20841
2012-05,1,hi,37.5,1026
2012-05,2,lo,29.0,10370
2012-05,2,lo,35.0,6085
2012-05,1,hi,40.5,166
2012-05,2,hi,22.0,2576
2012-05,1,hi,44.5,367
2012-05,2,hi,24.0,853
2012-05,1,lo,43.0,568
2012-05,1,hi,34.5,672
2012-05,1,hi,36.5,1333
2012-05,2,hi,37.0,127
2012-05,1,lo,22.0,260749
2012-05,2,lo,36.5,2570
2012-05,2,lo,32.0,11832
2012-05,1,lo,24.0,61491
2012-05,2,hi,30.0,14772
2012-05,1,hi,19.0,4894
2012-05,2,lo,44.5,3458
2012-05,2,hi,15.0,4999
2012-05,1,hi,8.5,5168
2012-05,2,hi,16.0,4929
2012-05,2,lo,37.5,5869
2012-05,1,lo,37.0,2909
2012-05,1,hi,29.0,2519
2012-05,2,lo,4.5,557
2012-05,2,lo,40.5,149
2012-05,2,lo,34.5,2636
2012-05,2,hi,33.5,470
2012-05,2,hi,28.0,369
2012-05,2,hi,27.0,393
2012-05,2,hi,43.0,80
2012-05,1,hi,33.0,1346
2012-05,1,hi,35.0,928
2012-05,1,lo,10.0,23571
2012-05,2,hi,26.0,11459
2012-05,1,lo,27.5,50802
2012-05,2,lo,21.5,125768
2012-05,2,lo,22.5,48990
2012-05,2,hi,13.0,6322
2012-05,1,hi,19.5,3750
2012-05,1,hi,14.5,5278
2012-05,1,hi,39.5,294
2012-05,2,lo,6.5,3755
2012-05,2,hi,25.0,44327
2012-05,2,hi,18.5,2782
2012-05,2,lo,6.0,1476
2012-05,1,lo,3.5,552
2012-05,2,hi,4.0,730
2012-05,1,hi,42.0,139
2012-05,1,hi,36.0,1037
2012-05,1,hi,1.0,302
2012-05,1,lo,38.0,1382
2012-05,2,hi,34.0,129
2012-05,2,hi,42.5,62
2012-05,2,hi,44.0,50
2012-05,1,lo,34.0,9500
2012-05,1,hi,22.5,23868
2012-05,1,hi,21.5,23666
2012-05,1,lo,26.0,61063
2012-05,2,lo,14.5,41594
2012-05,1,lo,13.0,46778
2012-05,2,hi,10.0,6663
2012-05,1,lo,18.5,20988
2012-05,1,lo,25.0,22453
2012-05,1,hi,6.5,6816
2012-05,1,hi,6.0,7217
2012-05,2,lo,19.5,8182
2012-05,2,lo,39.5,416
2012-05,2,lo,1.0,875
2012-05,1,lo,42.5,449
2012-05,2,lo,36.0,1430
2012-05,1,lo,4.0,1327
2012-05,2,hi,3.5,405
2012-05,2,hi,38.0,116
2012-05,1,lo,44.0,704
2012-05,2,lo,42.0,47
2012-05,2,hi,27.5,333
2012-06,1,lo,22.5,143040
2012-06,1,hi,37.5,884
2012-06,2,lo,11.0,48987
2012-06,1,lo,21.5,256964
2012-06,2,lo,32.5,15635
2012-06,2,lo,12.0,35005
2012-06,2,lo,24.5,34923
2012-06,2,lo,31.5,14595
2012-06,2,hi,14.5,5164
2012-06,1,hi,32.0,5476
2012-06,1,lo,6.5,4949
2012-06,1,hi,34.5,585
2012-06,2,lo,8.0,13722
2012-06,2,lo,7.0,8621
2012-06,1,hi,44.5,342
2012-06,2,lo,23.0,32618
2012-06,2,lo,0.5,574
2012-06,2,lo,43.5,1224
2012-06,2,lo,5.0,1219
2012-06,1,hi,4.5,2381
2012-06,1,lo,6.0,1966
2012-06,2,hi,36.0,105
2012-06,2,hi,39.5,109
2012-06,2,hi,19.5,3038
2012-06,1,hi,40.5,162
2012-06,2,hi,42.0,87
2012-06,1,hi,36.5,1221
2012-06,2,lo,41.5,417
2012-06,2,hi,1.0,207
2012-06,1,hi,21.0,66191
2012-06,1,lo,29.5,18450
2012-06,2,lo,14.5,49472
2012-06,2,hi,12.0,9370
2012-06,2,hi,11.0,13470
2012-06,1,hi,17.5,3675
2012-06,1,hi,18.0,8897
2012-06,2,hi,8.0,2878
2012-06,1,lo,7.5,12003
2012-06,1,lo,20.0,13791
2012-06,2,lo,1.0,1088
2012-06,1,hi,31.0,10465
2012-06,1,lo,5.5,1519
2012-06,1,hi,17.0,4404
2012-06,2,lo,19.5,9586
2012-06,1,hi,3.0,512
2012-06,2,lo,36.0,1761
2012-06,2,hi,7.0,1509
2012-06,1,hi,15.5,6773
2012-06,2,hi,31.5,2085
2012-06,1,hi,30.5,9043
2012-06,2,hi,23.0,979
2012-06,2,hi,32.5,328
2012-06,2,lo,39.5,521
2012-06,2,hi,0.5,326
2012-06,2,hi,5.0,2534
2012-06,2,hi,24.5,966
2012-06,1,hi,2.0,456
2012-06,2,hi,43.5,86
2012-06,2,hi,41.5,129
2012-06,2,lo,42.0,60
2012-06,1,lo,21.0,264930
2012-06,1,hi,5.5,4105
2012-06,1,lo,15.5,62903
2012-06,1,lo,17.0,22679
2012-06,1,hi,20.0,13974
2012-06,1,lo,17.5,65364
2012-06,1,lo,31.0,28066
2012-06,2,lo,33.0,16676
2012-06,2,lo,8.5,16414
2012-06,2,hi,11.5,7839
2012-06,2,lo,19.0,44941
2012-06,2,lo,35.0,7345
2012-06,2,hi,9.0,5218
2012-06,1,lo,30.5,10908
2012-06,2,lo,29.0,12525
2012-06,1,hi,7.5,2405
2012-06,2,hi,12.5,10592
2012-06,1,lo,18.0,7316
2012-06,1,lo,2.0,1432
2012-06,2,hi,13.5,5674
2012-06,1,hi,29.5,3633
2012-06,1,lo,3.0,328
2012-06,1,lo,14.5,55174
2012-06,2,lo,20.0,566058
2012-06,2,hi,6.0,6097
2012-06,1,hi,33.0,1254
2012-06,1,hi,19.0,4711
2012-06,1,hi,8.5,4864
2012-06,2,lo,7.5,10858
2012-06,1,lo,19.5,10999
2012-06,1,lo,36.0,4418
2012-06,1,lo,1.0,1848
2012-06,2,hi,6.5,5651
2012-06,2,hi,21.5,5608
2012-06,2,hi,22.5,1538
2012-06,2,lo,29.5,4588
2012-06,1,hi,35.0,799
2012-06,1,hi,29.0,2297
2012-06,1,lo,39.5,627
2012-06,2,lo,5.5,1469
2012-06,1,lo,42.0,183
2012-06,1,lo,23.0,102252
2012-06,1,lo,11.0,54463
2012-06,1,lo,32.5,23142
2012-06,2,hi,20.0,154563
2012-06,2,lo,21.5,165603
2012-06,1,hi,9.0,5897
2012-06,1,lo,12.0,39658
2012-06,1,lo,24.5,77511
2012-06,2,lo,22.5,61248
2012-06,1,hi,13.5,5551
2012-06,1,lo,8.0,14777
2012-06,1,hi,11.5,8857
2012-06,1,hi,12.5,11924
2012-06,1,lo,31.5,18730
2012-06,2,lo,6.5,4485
2012-06,2,hi,5.5,3665
2012-06,1,lo,7.0,9623
2012-06,2,hi,7.5,2031
2012-06,2,lo,6.0,1700
2012-06,1,lo,43.5,1588
2012-06,1,lo,5.0,1438
2012-06,1,lo,0.5,805
2012-06,1,lo,41.5,570
2012-06,2,hi,29.5,402
2012-06,2,lo,21.0,207472
2012-06,1,lo,35.0,11888
2012-06,2,lo,17.5,56910
2012-06,1,lo,8.5,18454
2012-06,2,lo,30.5,4923
2012-06,2,lo,15.5,56096
2012-06,1,lo,29.0,26972
2012-06,1,lo,19.0,53970
2012-06,2,lo,17.0,21200
2012-06,1,hi,14.5,5200
2012-06,1,lo,33.0,22651
2012-06,2,lo,2.0,847
2012-06,2,lo,31.0,17205
2012-06,2,hi,34.5,195
2012-06,2,hi,4.5,1769
2012-06,2,lo,18.0,7088
2012-06,2,hi,44.5,317
2012-06,1,hi,42.0,157
2012-06,1,hi,19.5,3628
2012-06,1,hi,1.0,350
2012-06,2,hi,37.5,160
2012-06,2,lo,3.0,290
2012-06,2,hi,40.5,88
2012-06,1,hi,39.5,292
2012-06,1,hi,36.0,1049
2012-06,2,hi,32.0,1170
2012-06,2,hi,36.5,173
2012-06,2,lo,9.0,22508
2012-06,1,hi,22.5,23623
2012-06,2,lo,13.5,43820
2012-06,1,lo,34.5,7794
2012-06,1,lo,32.0,22625
2012-06,1,lo,37.5,10047
2012-06,2,hi,19.0,3731
2012-06,1,lo,36.5,5944
2012-06,1,hi,21.5,23550
2012-06,2,lo,12.5,35010
2012-06,1,hi,6.0,7075
2012-06,1,lo,4.5,788
2012-06,2,hi,8.5,4163
2012-06,2,lo,11.5,10375
2012-06,1,lo,44.5,4899
2012-06,1,lo,40.5,284
2012-06,1,hi,6.5,6563
2012-06,2,hi,35.0,149
2012-06,2,hi,33.0,195
2012-06,2,hi,29.0,271
2012-06,1,hi,20.5,88722
2012-06,2,hi,16.5,5254
2012-06,1,hi,0.0,1061
2012-06,1,hi,25.5,27385
2012-06,2,lo,27.5,29898
2012-06,2,lo,10.0,20874
2012-06,1,hi,38.5,607
2012-06,2,lo,3.5,420
2012-06,1,lo,39.0,2976
2012-06,1,hi,23.5,10817
2012-06,1,hi,14.0,4557
2012-06,1,hi,40.0,319
2012-06,2,lo,38.0,349
2012-06,2,hi,26.5,5900
2012-06,2,hi,35.5,215
2012-06,2,hi,41.0,77
2012-06,2,hi,45.0,21
2012-06,1,lo,27.5,50764
2012-06,2,hi,13.0,7354
2012-06,1,lo,10.0,23156
2012-06,2,hi,25.0,53116
2012-06,1,hi,22.0,12669
2012-06,1,hi,24.0,13262
2012-06,2,lo,39.0,1513
2012-06,2,hi,44.0,53
2012-06,2,hi,26.0,14026
2012-06,2,hi,18.5,3376
2012-06,2,hi,4.0,817
2012-06,1,lo,38.0,1268
2012-06,1,lo,3.5,572
2012-06,1,hi,37.0,1055
2012-06,2,hi,34.0,138
2012-06,2,hi,42.5,78
2012-06,1,lo,11.5,11480
2012-06,1,hi,31.5,8166
2012-06,1,lo,12.5,39343
2012-06,1,lo,9.0,24883
2012-06,1,hi,23.0,5802
2012-06,2,hi,21.0,25455
2012-06,1,hi,11.0,15097
2012-06,2,hi,31.0,8400
2012-06,1,lo,13.5,48693
2012-06,2,hi,18.0,7831
2012-06,2,lo,32.0,15314
2012-06,2,lo,37.5,6838
2012-06,1,hi,12.0,10385
2012-06,2,hi,30.5,7166
2012-06,2,lo,36.5,3105
2012-06,2,hi,17.0,4101
2012-06,1,hi,5.0,2924
2012-06,1,hi,0.5,513
2012-06,2,hi,15.5,6974
2012-06,1,hi,8.0,3417
2012-06,1,hi,32.5,2436
2012-06,2,lo,44.5,4051
2012-06,1,hi,24.5,13457
2012-06,1,hi,7.0,1864
2012-06,2,hi,17.5,3375
2012-06,2,hi,3.0,380
2012-06,2,hi,2.0,235
2012-06,2,lo,4.5,684
2012-06,2,lo,34.5,3288
2012-06,1,hi,41.5,227
2012-06,1,hi,43.5,129
2012-06,2,lo,40.5,171
2012-06,1,lo,23.5,93386
2012-06,2,lo,22.0,164390
2012-06,1,lo,20.5,97962
2012-06,1,lo,14.0,25871
2012-06,2,lo,24.0,21843
2012-06,2,hi,9.5,5048
2012-06,2,hi,10.5,5791
2012-06,1,lo,25.5,21337
2012-06,1,hi,39.0,490
2012-06,1,lo,38.5,1790
2012-06,1,lo,40.0,1383
2012-06,2,lo,37.0,1254
2012-06,1,lo,0.0,2158
2012-06,2,hi,2.5,215
2012-06,2,hi,28.5,145
2012-06,2,hi,1.5,147
2012-06,1,lo,27.0,61505
2012-06,1,hi,26.0,22563
2012-06,1,lo,15.0,18513
2012-06,1,hi,13.0,8078
2012-06,1,lo,28.0,39699
2012-06,1,lo,30.0,11661
2012-06,1,lo,33.5,19592
2012-06,2,lo,10.5,25617
2012-06,2,lo,9.5,17386
2012-06,2,lo,28.5,13660
2012-06,1,lo,16.0,20424
2012-06,1,hi,4.0,1143
2012-06,2,lo,2.5,400
2012-06,2,hi,22.0,3144
2012-06,1,hi,18.5,3992
2012-06,1,hi,34.0,489
2012-06,1,hi,25.0,11554
2012-06,2,lo,1.5,930
2012-06,1,lo,43.0,604
2012-06,2,hi,24.0,950
2012-06,1,hi,44.0,102
2012-06,2,hi,37.0,145
2012-06,1,hi,42.5,106
2012-06,2,hi,10.0,7982
2012-06,1,lo,34.0,9901
2012-06,2,lo,26.5,48191
2012-06,1,lo,25.0,22455
2012-06,1,hi,16.0,5790
2012-06,2,lo,16.5,51493
2012-06,1,hi,15.0,6167
2012-06,1,lo,13.0,46302
2012-06,2,lo,35.5,4986
2012-06,1,lo,18.5,20409
2012-06,1,hi,28.0,7309
2012-06,1,lo,4.0,1225
2012-06,2,lo,41.0,6854
2012-06,1,lo,26.0,58263
2012-06,1,hi,27.0,4376
2012-06,1,hi,30.0,4313
2012-06,1,lo,44.0,716
2012-06,1,hi,33.5,3056
2012-06,1,hi,43.0,178
2012-06,2,hi,27.5,413
2012-06,2,hi,3.5,513
2012-06,1,lo,42.5,466
2012-06,2,lo,45.0,330
2012-06,2,hi,38.0,119
2012-06,1,lo,22.0,266757
2012-06,2,lo,20.5,73401
2012-06,2,lo,23.5,33779
2012-06,1,lo,37.0,2894
2012-06,1,lo,24.0,62779
2012-06,2,lo,14.0,22757
2012-06,2,hi,15.0,6012
2012-06,2,hi,30.0,17614
2012-06,2,hi,16.0,5781
2012-06,2,lo,25.5,1910
2012-06,1,hi,10.0,8889
2012-06,2,hi,27.0,421
2012-06,1,hi,27.5,2920
2012-06,2,lo,38.5,509
2012-06,1,hi,38.0,771
2012-06,2,hi,28.0,448
2012-06,2,hi,33.5,596
2012-06,1,hi,3.5,722
2012-06,2,lo,0.0,1222
2012-06,2,lo,40.0,282
2012-06,2,hi,43.0,84
2012-06,1,lo,26.5,71303
2012-06,2,lo,26.0,45489
2012-06,1,lo,16.5,57865
2012-06,2,lo,34.0,3882
2012-06,1,hi,9.5,5635
2012-06,2,lo,18.5,18694
2012-06,2,lo,13.0,40932
2012-06,1,hi,1.5,188
2012-06,1,hi,10.5,6659
2012-06,1,lo,35.5,9231
2012-06,1,lo,41.0,8607
2012-06,2,lo,25.0,182576
2012-06,1,hi,28.5,1080
2012-06,2,lo,44.0,564
2012-06,2,lo,4.0,1037
2012-06,1,hi,2.5,325
2012-06,2,lo,42.5,306
2012-06,1,lo,45.0,367
2012-06,2,hi,39.0,144
2012-06,1,lo,28.5,25294
2012-06,2,hi,20.5,103748
2012-06,1,lo,9.5,18912
2012-06,2,lo,27.0,36040
2012-06,1,lo,10.5,28694
2012-06,2,lo,28.0,18675
2012-06,2,hi,25.5,28624
2012-06,1,hi,26.5,17588
2012-06,2,hi,14.0,4591
2012-06,1,lo,1.5,1408
2012-06,2,lo,16.0,18740
2012-06,2,lo,15.0,17576
2012-06,2,lo,33.5,11786
2012-06,2,hi,0.0,576
2012-06,2,lo,30.0,79806
2012-06,2,hi,23.5,1004
2012-06,1,hi,16.5,5213
2012-06,1,lo,2.5,688
2012-06,2,lo,43.0,491
2012-06,1,hi,35.5,1208
2012-06,1,hi,41.0,182
2012-06,1,hi,45.0,29
2012-06,2,hi,40.0,155
2012-06,2,hi,38.5,121
2012-10,2,hi,4.0,2370
2012-10,1,hi,21.5,46756
2012-10,1,hi,6.5,18023
2012-10,2,hi,25.0,64495
2012-10,2,lo,27.5,24277
2012-10,1,lo,10.0,31092
2012-10,1,hi,6.0,9693
2012-10,1,lo,27.5,44166
2012-10,2,lo,10.0,28211
2012-10,2,hi,18.5,2729
2012-10,2,hi,13.0,13665
2012-10,2,hi,26.0,17988
2012-10,1,hi,22.5,7061
2012-10,2,lo,3.5,727
2012-10,2,hi,42.5,104
2012-10,1,lo,3.5,955
2012-10,1,lo,38.0,1401
2012-10,2,lo,38.0,298
2012-10,2,hi,34.0,132
2012-10,2,hi,44.0,75
2012-10,1,lo,16.5,71047
2012-10,1,hi,20.0,17094
2012-10,2,lo,16.5,63124
2012-10,1,hi,29.5,4684
2012-10,2,lo,26.5,39618
2012-10,1,hi,7.5,6634
2012-10,1,lo,26.5,68426
2012-10,2,lo,35.5,3186
2012-10,1,lo,41.0,148
2012-10,1,lo,35.5,6607
2012-10,1,hi,5.5,10665
2012-10,2,hi,39.0,102
2012-10,1,lo,45.0,89
2012-10,2,lo,41.0,98
2012-10,2,lo,45.0,51
2012-10,1,lo,22.0,231972
2012-10,1,lo,24.0,43483
2012-10,2,lo,22.0,131259
2012-10,2,hi,16.0,9085
2012-10,2,hi,30.0,19755
2012-10,1,hi,32.0,4984
2012-10,1,hi,4.5,4136
2012-10,2,lo,24.0,11590
2012-10,1,hi,37.5,451
2012-10,2,hi,15.0,8345
2012-10,1,lo,37.0,1442
2012-10,2,hi,43.0,69
2012-10,1,hi,36.5,747
2012-10,1,hi,34.5,1169
2012-10,1,hi,44.5,92
2012-10,2,hi,27.0,427
2012-10,2,hi,28.0,332
2012-10,2,lo,37.0,267
2012-10,2,hi,33.5,392
2012-10,1,hi,40.5,111
2012-10,1,hi,21.0,93813
2012-10,1,hi,17.0,6145
2012-10,2,hi,25.5,34835
2012-10,1,lo,10.5,41352
2012-10,2,hi,20.5,161774
2012-10,1,hi,18.0,6857
2012-10,1,lo,28.5,28888
2012-10,1,hi,15.5,10969
2012-10,1,hi,31.0,11938
2012-10,2,hi,0.0,728
2012-10,2,hi,23.5,1285
2012-10,1,lo,9.5,23381
2012-10,2,lo,10.5,37730
2012-10,2,lo,28.5,14272
2012-10,2,lo,9.5,21127
2012-10,1,hi,17.5,5929
2012-10,2,hi,14.0,6025
2012-10,1,hi,3.0,1451
2012-10,1,lo,1.5,1389
2012-10,1,hi,30.5,9242
2012-10,1,hi,2.0,662
2012-10,2,hi,38.5,315
2012-10,2,hi,40.0,143
2012-10,2,lo,1.5,774
2012-10,1,lo,2.5,352
2012-10,2,lo,2.5,208
2012-10,1,hi,7.0,4161
2012-10,1,hi,24.5,8559
2012-10,1,hi,11.0,14565
2012-10,1,hi,8.0,6697
2012-10,2,hi,16.5,8978
2012-10,1,hi,12.0,19577
2012-10,2,hi,26.5,7898
2012-10,1,hi,5.0,6663
2012-10,1,hi,31.5,7917
2012-10,1,hi,23.0,14940
2012-10,1,hi,32.5,2176
2012-10,1,hi,0.5,713
2012-10,1,lo,39.0,1028
2012-10,2,hi,35.5,176
2012-10,1,hi,41.5,110
2012-10,2,hi,41.0,129
2012-10,2,lo,39.0,140
2012-10,1,hi,43.5,88
2012-10,2,hi,45.0,27
2012-10,2,lo,26.0,38075
2012-10,2,lo,13.0,9583
2012-10,1,hi,19.5,5287
2012-10,1,hi,14.5,11276
2012-10,1,lo,25.0,51766
2012-10,2,lo,25.0,179966
2012-10,2,hi,10.0,13001
2012-10,1,lo,34.0,7689
2012-10,2,lo,34.0,3886
2012-10,1,lo,13.0,10470
2012-10,2,lo,18.5,3696
2012-10,1,lo,26.0,59354
2012-10,1,hi,39.5,121
2012-10,1,lo,44.0,153
2012-10,1,lo,18.5,3514
2012-10,1,hi,42.0,71
2012-10,2,lo,44.0,119
2012-10,1,hi,36.0,968
2012-10,1,hi,1.0,492
2012-10,2,hi,3.5,1352
2012-10,1,lo,4.0,1338
2012-10,2,lo,4.0,1102
2012-10,2,hi,27.5,522
2012-10,2,hi,38.0,108
2012-10,2,lo,42.5,19
2012-10,1,lo,42.5,73
2012-10,1,hi,19.0,10823
2012-10,1,lo,33.5,20069
2012-10,2,lo,27.0,28312
2012-10,1,hi,8.5,9612
2012-10,1,lo,27.0,36227
2012-10,1,lo,28.0,30829
2012-10,1,lo,16.0,24759
2012-10,2,lo,33.5,12778
2012-10,2,lo,28.0,16615
2012-10,1,lo,30.0,13717
2012-10,2,lo,16.0,22755
2012-10,2,hi,22.0,2516
2012-10,1,lo,15.0,24904
2012-10,2,lo,30.0,67560
2012-10,2,lo,15.0,23532
2012-10,1,hi,33.0,2794
2012-10,1,hi,29.0,4508
2012-10,2,lo,43.0,1044
2012-10,1,lo,43.0,1483
2012-10,1,hi,35.0,1149
2012-10,2,hi,24.0,986
2012-10,2,hi,37.0,151
2012-10,1,lo,23.5,77366
2012-10,1,lo,40.0,7463
2012-10,1,hi,9.0,10349
2012-10,1,lo,14.0,12046
2012-10,2,lo,20.5,36245
2012-10,2,hi,9.5,17325
2012-10,1,hi,12.5,11645
2012-10,1,hi,11.5,13930
2012-10,2,lo,0.0,1091
2012-10,1,lo,20.5,45187
2012-10,2,lo,23.5,29581
2012-10,2,hi,10.5,12600
2012-10,1,hi,13.5,16755
2012-10,2,lo,14.0,10879
2012-10,2,lo,40.0,5194
2012-10,1,lo,25.5,10389
2012-10,2,lo,38.5,501
2012-10,1,lo,0.0,2013
2012-10,1,lo,38.5,792
2012-10,2,hi,2.5,477
2012-10,2,hi,28.5,335
2012-10,2,hi,1.5,199
2012-10,2,lo,25.5,245
2012-10,2,lo,7.0,15255
2012-10,1,lo,23.0,85771
2012-10,1,lo,24.5,36014
2012-10,1,lo,8.0,13053
2012-10,1,lo,11.0,43924
2012-10,1,lo,7.0,16605
2012-10,1,lo,12.0,45642
2012-10,2,hi,20.0,232962
2012-10,1,lo,32.5,18094
2012-10,2,lo,31.5,15124
2012-10,2,lo,32.5,12409
2012-10,2,lo,11.0,40050
2012-10,2,lo,12.0,41001
2012-10,2,lo,8.0,11564
2012-10,2,hi,7.5,5671
2012-10,2,lo,24.5,7428
2012-10,2,hi,5.5,9338
2012-10,2,lo,23.0,29872
2012-10,1,lo,31.5,19710
2012-10,2,lo,5.0,1475
2012-10,1,lo,0.5,910
2012-10,2,lo,0.5,507
2012-10,1,lo,5.0,1651
2012-10,1,lo,43.5,323
2012-10,2,lo,41.5,584
2012-10,2,hi,29.5,394
2012-10,1,lo,41.5,1247
2012-10,1,hi,39.0,194
2012-10,2,lo,43.5,199
2012-10,2,hi,13.5,16294
2012-10,1,lo,15.5,57669
2012-10,1,lo,17.0,3741
2012-10,1,lo,18.0,57313
2012-10,1,hi,9.5,19417
2012-10,2,lo,21.0,200462
2012-10,1,lo,21.0,266758
2012-10,2,lo,18.0,49807
2012-10,2,hi,12.5,10671
2012-10,2,hi,11.5,12281
2012-10,1,lo,17.5,23304
2012-10,2,lo,17.5,21499
2012-10,1,lo,30.5,5054
2012-10,2,hi,9.0,9231
2012-10,2,lo,15.5,52053
2012-10,1,lo,31.0,19630
2012-10,2,lo,31.0,10985
2012-10,1,hi,10.5,14212
2012-10,1,lo,2.0,845
2012-10,1,hi,1.5,336
2012-10,2,lo,17.0,3760
2012-10,1,hi,2.5,742
2012-10,2,lo,2.0,476
2012-10,2,lo,30.5,1804
2012-10,1,hi,28.5,3323
2012-10,1,lo,3.0,204
2012-10,2,lo,3.0,123
2012-10,1,lo,21.5,280655
2012-10,1,lo,22.5,120213
2012-10,2,hi,14.5,11263
2012-10,2,lo,21.5,173575
2012-10,2,hi,19.5,4457
2012-10,1,hi,10.0,14606
2012-10,2,lo,6.5,3339
2012-10,2,lo,22.5,43494
2012-10,2,lo,6.0,1359
2012-10,1,hi,27.5,9618
2012-10,1,lo,6.0,1657
2012-10,1,hi,3.5,1674
2012-10,1,lo,6.5,3691
2012-10,1,hi,38.0,220
2012-10,2,hi,36.0,89
2012-10,2,hi,1.0,268
2012-10,2,hi,39.5,47
2012-10,2,hi,42.0,47
2012-10,1,hi,26.5,23523
2012-10,1,lo,7.5,22202
2012-10,2,lo,7.5,20160
2012-10,1,lo,29.5,10320
2012-10,2,hi,5.0,5644
2012-10,2,hi,12.0,17536
2012-10,2,hi,7.0,3508
2012-10,1,lo,20.0,59328
2012-10,2,hi,11.0,13152
2012-10,1,hi,16.5,8700
2012-10,2,hi,24.5,824
2012-10,2,lo,20.0,595293
2012-10,2,hi,8.0,5683
2012-10,1,lo,5.5,2335
2012-10,2,hi,31.5,2249
2012-10,2,lo,29.5,3375
2012-10,2,hi,23.0,1277
2012-10,2,hi,0.5,398
2012-10,1,hi,35.5,1236
2012-10,2,lo,5.5,2048
2012-10,2,hi,32.5,374
2012-10,2,hi,43.5,73
2012-10,2,hi,41.5,97
2012-10,1,hi,41.0,188
2012-10,1,hi,45.0,32
2012-10,1,lo,34.5,8131
2012-10,1,hi,22.0,41278
2012-10,2,hi,19.0,6891
2012-10,2,hi,8.5,8465
2012-10,2,lo,37.5,2830
2012-10,1,hi,24.0,14514
2012-10,1,lo,37.5,5193
2012-10,2,lo,36.5,5746
2012-10,2,lo,32.0,11781
2012-10,1,lo,32.0,18510
2012-10,1,lo,36.5,8931
2012-10,1,lo,44.5,3945
2012-10,1,lo,4.5,1247
2012-10,1,lo,40.5,55
2012-10,2,lo,44.5,3223
2012-10,2,hi,29.0,384
2012-10,1,hi,37.0,531
2012-10,2,lo,4.5,1104
2012-10,2,lo,40.5,32
2012-10,2,lo,34.5,3118
2012-10,2,hi,33.0,83
2012-10,2,hi,35.0,132
2012-10,1,hi,18.5,3085
2012-10,1,hi,26.0,26409
2012-10,2,lo,14.5,58900
2012-10,1,lo,14.5,64823
2012-10,2,hi,21.5,11365
2012-10,2,hi,6.5,16262
2012-10,1,hi,4.0,3133
2012-10,1,hi,13.0,14603
2012-10,2,lo,19.5,835
2012-10,1,lo,36.0,3220
2012-10,1,hi,25.0,7452
2012-10,1,lo,1.0,1606
2012-10,2,hi,6.0,8325
2012-10,1,lo,19.5,1012
2012-10,2,lo,1.0,853
2012-10,2,hi,22.5,1031
2012-10,1,lo,42.0,371
2012-10,1,hi,42.5,123
2012-10,1,hi,34.0,844
2012-10,2,lo,42.0,299
2012-10,1,lo,39.5,64
2012-10,2,lo,36.0,1310
2012-10,1,hi,44.0,70
2012-10,2,lo,39.5,20
2012-10,1,lo,8.5,34049
2012-10,2,lo,8.5,30643
2012-10,1,hi,16.0,9266
2012-10,2,lo,33.0,5367
2012-10,1,lo,19.0,27461
2012-10,1,lo,29.0,15947
2012-10,2,lo,19.0,23389
2012-10,1,lo,33.0,8924
2012-10,2,hi,4.5,3665
2012-10,1,hi,15.0,7872
2012-10,1,lo,35.0,3936
2012-10,1,hi,33.5,909
2012-10,1,hi,30.0,3644
2012-10,1,hi,27.0,5428
2012-10,1,hi,28.0,1833
2012-10,2,hi,37.5,139
2012-10,2,lo,29.0,6493
2012-10,2,hi,34.5,225
2012-10,1,hi,43.0,82
2012-10,2,hi,32.0,1415
2012-10,2,hi,36.5,180
2012-10,2,lo,35.0,1945
2012-10,2,hi,44.5,69
2012-10,2,hi,40.5,51
2012-10,2,lo,9.0,20893
2012-10,1,hi,20.5,164008
2012-10,1,lo,12.5,53131
2012-10,2,hi,15.5,12021
2012-10,2,lo,11.5,10089
2012-10,1,hi,25.5,33277
2012-10,2,hi,17.5,5877
2012-10,2,hi,30.5,8333
2012-10,2,hi,17.0,5967
2012-10,1,lo,13.5,54819
2012-10,1,lo,9.0,22575
2012-10,2,lo,12.5,47443
2012-10,2,hi,31.0,9152
2012-10,2,lo,13.5,48898
2012-10,1,hi,23.5,17731
2012-10,1,lo,11.5,11169
2012-10,1,hi,14.0,5738
2012-10,2,hi,3.0,1025
2012-10,2,hi,18.0,6113
2012-10,2,hi,21.0,29814
2012-10,1,hi,0.0,1547
2012-10,2,hi,2.0,369
2012-10,1,hi,40.0,242
2012-10,1,hi,38.5,424
2013-04,1,hi,16.0,9772
2013-04,1,lo,18.0,62078
2013-04,1,lo,21.0,290599
2013-04,2,lo,26.5,40907
2013-04,1,lo,15.5,61840
2013-04,2,lo,16.5,68578
2013-04,1,hi,15.0,7760
2013-04,1,lo,17.5,25198
2013-04,1,hi,28.0,7118
2013-04,1,lo,31.0,20142
2013-04,1,lo,30.5,5172
2013-04,1,hi,30.0,4302
2013-04,1,lo,17.0,3708
2013-04,1,hi,33.5,2199
2013-04,1,lo,2.0,950
2013-04,1,lo,3.0,171
2013-04,1,hi,27.0,5573
2013-04,1,hi,43.0,63
2013-04,2,lo,35.5,3291
2013-04,2,lo,45.0,53
2013-04,2,lo,41.0,106
2013-04,2,hi,39.0,110
2013-04,1,hi,20.5,171341
2013-04,1,lo,32.0,20041
2013-04,2,hi,25.0,65663
2013-04,2,lo,10.0,30283
2013-04,1,lo,34.5,8786
2013-04,2,lo,27.5,26427
2013-04,2,lo,3.5,775
2013-04,1,hi,25.5,34483
2013-04,1,hi,23.5,16492
2013-04,2,hi,13.0,14508
2013-04,1,hi,0.0,1410
2013-04,1,lo,36.5,9702
2013-04,2,hi,26.0,18944
2013-04,1,hi,14.0,6150
2013-04,2,hi,18.5,2917
2013-04,1,lo,44.5,3988
2013-04,1,lo,37.5,5777
2013-04,2,hi,4.0,2444
2013-04,1,hi,40.0,230
2013-04,1,hi,38.5,446
2013-04,2,hi,34.0,152
2013-04,1,lo,4.5,1181
2013-04,2,lo,38.0,253
2013-04,2,hi,42.5,95
2013-04,1,lo,40.5,43
2013-04,2,hi,44.0,63
2013-04,1,lo,32.5,19582
2013-04,1,lo,23.0,95908
2013-04,1,lo,24.5,43519
2013-04,2,hi,9.5,17499
2013-04,2,lo,20.5,38960
2013-04,1,lo,31.5,20510
2013-04,2,hi,10.5,13322
2013-04,1,lo,11.0,45831
2013-04,1,lo,12.0,48134
2013-04,2,lo,38.5,593
2013-04,1,lo,7.0,16662
2013-04,1,hi,10.0,14748
2013-04,1,lo,8.0,12868
2013-04,1,hi,38.0,346
2013-04,1,lo,0.5,840
2013-04,2,lo,14.0,11585
2013-04,2,lo,23.5,34041
2013-04,1,hi,3.5,1575
2013-04,2,lo,40.0,4744
2013-04,1,lo,5.0,1678
2013-04,1,hi,27.5,3888
2013-04,2,hi,1.5,196
2013-04,2,hi,2.5,496
2013-04,2,hi,28.5,314
2013-04,2,lo,0.0,1033
2013-04,1,lo,41.5,1396
2013-04,2,lo,25.5,356
2013-04,1,lo,43.5,315
2013-04,1,hi,25.0,10994
2013-04,2,hi,20.5,176903
2013-04,1,lo,20.0,64517
2013-04,2,hi,25.5,38216
2013-04,1,hi,26.0,27911
2013-04,2,hi,14.0,6405
2013-04,1,hi,13.0,15092
2013-04,2,lo,10.5,39609
2013-04,2,lo,9.5,22583
2013-04,1,lo,29.5,11110
2013-04,1,lo,7.5,22052
2013-04,2,hi,23.5,1392
2013-04,1,hi,18.5,3154
2013-04,1,hi,4.0,3099
2013-04,1,lo,5.5,2434
2013-04,2,lo,1.5,732
2013-04,2,lo,28.5,14041
2013-04,1,hi,34.0,579
2013-04,2,hi,38.5,268
2013-04,2,hi,40.0,136
2013-04,2,hi,0.0,635
2013-04,1,hi,42.5,133
2013-04,2,lo,2.5,156
2013-04,1,hi,44.0,82
2013-04,1,lo,12.5,56119
2013-04,1,hi,22.0,41828
2013-04,2,hi,26.5,8254
2013-04,1,lo,13.5,57602
2013-04,1,lo,9.0,23069
2013-04,1,lo,11.5,11109
2013-04,1,hi,24.0,15502
2013-04,2,hi,16.5,9474
2013-04,1,hi,37.0,793
2013-04,2,hi,41.0,103
2013-04,2,lo,39.0,135
2013-04,2,hi,35.5,187
2013-04,2,hi,45.0,35
2013-04,2,lo,21.5,199337
2013-04,1,hi,9.0,10115
2013-04,1,lo,22.0,254147
2013-04,1,lo,24.0,50990
2013-04,2,lo,6.5,3491
2013-04,2,hi,36.0,91
2013-04,2,hi,14.5,12140
2013-04,2,lo,22.5,53895
2013-04,1,hi,11.5,13666
2013-04,2,hi,19.5,4434
2013-04,1,hi,12.5,11891
2013-04,1,hi,13.5,17614
2013-04,1,lo,37.0,1510
2013-04,2,lo,6.0,1382
2013-04,2,hi,1.0,268
2013-04,2,hi,42.0,38
2013-04,2,hi,39.5,46
2013-04,1,lo,25.0,58480
2013-04,1,lo,34.0,8619
2013-04,1,hi,20.0,17517
2013-04,2,lo,8.5,32712
2013-04,2,lo,33.0,6095
2013-04,2,lo,19.0,24264
2013-04,1,hi,5.5,9780
2013-04,2,hi,4.5,3575
2013-04,1,hi,7.5,6314
2013-04,1,lo,4.0,1329
2013-04,1,lo,26.0,62208
2013-04,1,lo,13.0,10827
2013-04,1,lo,18.5,3587
2013-04,1,hi,29.5,4313
2013-04,2,hi,37.5,125
2013-04,2,lo,29.0,7132
2013-04,2,hi,34.5,220
2013-04,2,hi,36.5,159
2013-04,2,lo,35.0,2070
2013-04,2,hi,44.5,72
2013-04,2,hi,32.0,1512
2013-04,1,lo,42.5,36
2013-04,1,lo,44.0,153
2013-04,2,hi,40.5,62
2013-04,1,hi,12.0,19816
2013-04,1,lo,27.5,46725
2013-04,1,hi,11.0,14535
2013-04,1,hi,5.0,6006
2013-04,1,lo,10.0,31639
2013-04,2,lo,36.5,5705
2013-04,2,hi,8.5,8675
2013-04,1,hi,31.5,8515
2013-04,1,hi,8.0,6575
2013-04,2,hi,19.0,7997
2013-04,2,lo,32.0,12664
2013-04,1,lo,3.5,865
2013-04,1,hi,23.0,10935
2013-04,2,lo,4.5,1043
2013-04,1,hi,41.5,136
2013-04,1,hi,32.5,2307
2013-04,1,hi,7.0,3945
2013-04,1,hi,24.5,12350
2013-04,2,lo,37.5,2890
2013-04,2,lo,44.5,3005
2013-04,1,hi,0.5,693
2013-04,2,hi,29.0,377
2013-04,2,lo,34.5,3465
2013-04,1,hi,43.5,104
2013-04,2,hi,35.0,130
2013-04,1,lo,38.0,1557
2013-04,2,hi,33.0,64
2013-04,2,lo,40.5,32
2013-04,2,lo,21.0,218782
2013-04,2,lo,15.5,56760
2013-04,2,lo,18.0,54441
2013-04,2,hi,13.5,17344
2013-04,1,lo,16.5,76071
2013-04,1,hi,14.5,11504
2013-04,2,hi,12.5,11322
2013-04,1,lo,35.5,7135
2013-04,2,lo,17.5,22867
2013-04,2,lo,31.0,10629
2013-04,2,lo,17.0,3951
2013-04,2,hi,9.0,9351
2013-04,1,lo,26.5,72775
2013-04,2,hi,11.5,13024
2013-04,1,lo,41.0,160
2013-04,1,hi,19.5,5611
2013-04,1,hi,36.0,1041
2013-04,2,lo,2.0,458
2013-04,1,hi,1.0,481
2013-04,1,lo,45.0,81
2013-04,1,hi,39.5,130
2013-04,2,lo,30.5,2019
2013-04,2,lo,3.0,107
2013-04,1,hi,42.0,86
2013-04,1,lo,21.5,304134
2013-04,1,lo,22.5,132986
2013-04,2,lo,22.0,155415
2013-04,2,lo,24.0,13835
2013-04,2,hi,15.0,8353
2013-04,2,hi,30.0,19334
2013-04,2,hi,16.0,9852
2013-04,2,hi,28.0,619
2013-04,1,lo,6.5,3755
2013-04,2,hi,27.0,448
2013-04,1,lo,6.0,1510
2013-04,1,hi,39.0,206
2013-04,2,hi,33.5,404
2013-04,2,lo,37.0,254
2013-04,2,hi,43.0,59
2013-04,2,hi,20.0,244685
2013-04,2,lo,7.0,15746
2013-04,1,lo,23.5,87107
2013-04,2,lo,11.0,42694
2013-04,2,hi,7.5,5646
2013-04,1,hi,32.0,5240
2013-04,2,lo,31.5,15677
2013-04,2,lo,12.0,44444
2013-04,1,hi,4.5,3962
2013-04,1,lo,38.5,865
2013-04,2,hi,5.5,9133
2013-04,2,lo,32.5,13879
2013-04,2,lo,8.0,12286
2013-04,2,lo,23.0,35404
2013-04,1,lo,20.5,47252
2013-04,1,lo,14.0,12332
2013-04,1,lo,40.0,7831
2013-04,2,lo,5.0,1480
2013-04,1,hi,34.5,888
2013-04,1,lo,0.0,2015
2013-04,1,hi,37.5,647
2013-04,2,hi,29.5,330
2013-04,1,hi,36.5,1002
2013-04,1,lo,25.5,12994
2013-04,2,lo,41.5,626
2013-04,2,lo,0.5,525
2013-04,2,lo,24.5,9085
2013-04,2,lo,43.5,210
2013-04,1,hi,40.5,112
2013-04,1,hi,44.5,86
2013-04,1,hi,6.5,17668
2013-04,1,hi,21.5,49617
2013-04,2,hi,17.0,6320
2013-04,1,hi,6.0,9127
2013-04,2,hi,17.5,6437
2013-04,2,lo,9.0,21847
2013-04,2,lo,12.5,51823
2013-04,2,hi,30.5,9051
2013-04,2,lo,13.5,53192
2013-04,2,hi,18.0,6658
2013-04,2,lo,11.5,10314
2013-04,2,hi,31.0,9537
2013-04,2,hi,15.5,12629
2013-04,1,hi,22.5,4411
2013-04,2,hi,21.0,34513
2013-04,2,hi,3.0,1035
2013-04,2,hi,2.0,359
2013-04,1,lo,39.0,1219
2013-04,2,hi,10.0,13657
2013-04,1,lo,8.5,34275
2013-04,1,lo,19.0,28900
2013-04,1,hi,9.5,18730
2013-04,1,lo,29.0,16866
2013-04,2,lo,26.0,39482
2013-04,1,hi,1.5,276
2013-04,2,lo,25.0,196447
2013-04,1,lo,33.0,9572
2013-04,2,lo,13.0,10640
2013-04,1,hi,10.5,14384
2013-04,2,lo,18.5,3677
2013-04,1,hi,2.5,715
2013-04,2,lo,34.0,4473
2013-04,2,lo,4.0,1105
2013-04,1,hi,28.5,2070
2013-04,1,lo,35.0,4232
2013-04,2,hi,3.5,1249
2013-04,2,hi,27.5,295
2013-04,2,hi,38.0,90
2013-04,2,lo,44.0,126
2013-04,2,lo,42.5,22
2013-04,2,lo,7.5,21035
2013-04,2,lo,20.0,685678
2013-04,2,hi,11.0,13576
2013-04,1,hi,19.0,11537
2013-04,1,lo,10.5,42692
2013-04,1,hi,8.5,9503
2013-04,2,hi,12.0,18592
2013-04,1,lo,28.5,30469
2013-04,2,hi,8.0,5977
2013-04,2,hi,41.5,77
2013-04,2,hi,23.0,1318
2013-04,2,hi,5.0,5545
2013-04,1,lo,9.5,23707
2013-04,2,hi,7.0,3460
2013-04,2,lo,29.5,3703
2013-04,1,lo,1.5,1424
2013-04,2,hi,0.5,375
2013-04,1,hi,29.0,3520
2013-04,2,lo,5.5,2027
2013-04,1,hi,33.0,1229
2013-04,1,hi,35.0,1000
2013-04,2,hi,24.5,800
2013-04,1,lo,2.5,351
2013-04,2,hi,31.5,2273
2013-04,2,hi,32.5,363
2013-04,2,hi,43.5,64
2013-04,2,lo,27.0,30962
2013-04,1,lo,14.5,68269
2013-04,1,hi,35.5,1219
2013-04,1,hi,16.5,9019
2013-04,2,lo,16.0,24373
2013-04,2,lo,33.5,12859
2013-04,1,hi,26.5,23802
2013-04,2,lo,15.0,24639
2013-04,2,lo,28.0,19034
2013-04,1,lo,19.5,962
2013-04,1,lo,1.0,1535
2013-04,1,lo,36.0,3525
2013-04,2,hi,22.0,2293
2013-04,1,lo,42.0,344
2013-04,2,lo,30.0,74610
2013-04,2,lo,43.0,887
2013-04,1,hi,41.0,185
2013-04,2,hi,24.0,1047
2013-04,1,lo,39.5,84
2013-04,2,hi,37.0,140
2013-04,1,hi,45.0,48
2013-04,1,hi,15.5,11161
2013-04,1,lo,27.0,37377
2013-04,1,lo,16.0,26321
2013-04,1,hi,21.0,99526
2013-04,1,lo,28.0,31981
2013-04,2,lo,14.5,63788
2013-04,2,hi,6.0,8074
2013-04,2,hi,21.5,13457
2013-04,1,lo,15.0,26206
2013-04,1,hi,17.5,6244
2013-04,1,hi,17.0,6450
2013-04,1,hi,30.5,9664
2013-04,1,lo,30.0,15379
2013-04,1,lo,33.5,21594
2013-04,2,hi,22.5,1443
2013-04,1,hi,31.0,12510
2013-04,1,hi,3.0,1280
2013-04,1,hi,18.0,7292
2013-04,2,hi,6.5,16464
2013-04,1,hi,2.0,621
2013-04,1,lo,43.0,1385
2013-04,2,lo,1.0,891
2013-04,2,lo,19.5,810
2013-04,2,lo,39.5,38
2013-04,2,lo,42.0,215
2013-04,2,lo,36.0,1448
2013-05,2,hi,3.0,1175
2013-05,1,hi,14.5,12422
2013-05,1,lo,9.5,23894
2013-05,1,lo,28.5,30609
2013-05,2,hi,31.0,10428
2013-05,2,lo,14.5,63651
2013-05,1,lo,10.5,44217
2013-05,2,hi,17.5,6810
2013-05,1,hi,19.5,6138
2013-05,2,hi,30.5,9712
2013-05,2,hi,15.5,13650
2013-05,2,hi,17.0,6968
2013-05,2,hi,18.0,7356
2013-05,1,hi,36.0,1074
2013-05,2,lo,19.5,797
2013-05,1,lo,2.5,377
2013-05,2,lo,36.0,1297
2013-05,2,hi,21.0,38610
2013-05,1,lo,1.5,1631
2013-05,2,lo,1.0,872
2013-05,1,hi,42.0,105
2013-05,1,hi,39.5,136
2013-05,1,hi,1.0,500
2013-05,2,lo,39.5,32
2013-05,2,lo,42.0,198
2013-05,2,hi,2.0,413
2013-05,2,lo,12.5,52056
2013-05,1,lo,27.5,46422
2013-05,2,lo,13.5,53465
2013-05,2,hi,6.0,9112
2013-05,2,lo,11.5,10736
2013-05,1,hi,13.5,18639
2013-05,1,hi,11.5,14975
2013-05,1,hi,9.0,10755
2013-05,1,lo,10.0,31920
2013-05,2,hi,6.5,17857
2013-05,1,lo,3.5,878
2013-05,1,hi,12.5,12632
2013-05,2,lo,9.0,22594
2013-05,1,lo,38.0,1405
2013-05,2,hi,21.5,14671
2013-05,2,hi,22.5,1532
2013-05,1,lo,23.5,87978
2013-05,2,lo,21.5,211121
2013-05,1,hi,21.5,54063
2013-05,2,hi,13.5,18828
2013-05,1,hi,6.5,19073
2013-05,2,hi,12.5,12304
2013-05,1,lo,40.0,7585
2013-05,1,hi,6.0,9946
2013-05,1,lo,38.5,984
2013-05,1,lo,14.0,12664
2013-05,2,hi,9.0,10034
2013-05,2,lo,22.5,51590
2013-05,1,hi,22.5,5250
2013-05,2,hi,11.5,14074
2013-05,1,lo,25.5,11650
2013-05,2,lo,6.5,3403
2013-05,1,lo,20.5,51214
2013-05,2,lo,6.0,1448
2013-05,1,lo,0.0,2210
2013-05,2,lo,7.5,21811
2013-05,1,lo,30.0,14838
2013-05,1,lo,16.0,26673
2013-05,1,lo,33.5,21780
2013-05,1,lo,28.0,32764
2013-05,1,lo,27.0,37429
2013-05,1,hi,20.0,18477
2013-05,1,hi,7.5,6722
2013-05,2,lo,20.0,696370
2013-05,2,hi,19.0,8727
2013-05,1,hi,5.5,11315
2013-05,2,lo,5.5,2131
2013-05,1,lo,15.0,26719
2013-05,1,hi,29.5,4809
2013-05,2,hi,8.5,9152
2013-05,1,lo,43.0,1460
2013-05,2,lo,29.5,3483
2013-05,2,hi,35.0,168
2013-05,2,hi,29.0,419
2013-05,2,hi,33.0,86
2013-05,1,lo,34.5,8679
2013-05,1,lo,32.0,19633
2013-05,1,lo,44.5,4001
2013-05,1,lo,37.5,5694
2013-05,2,hi,22.0,2458
2013-05,1,lo,36.5,9562
2013-05,2,hi,24.0,1134
2013-05,1,lo,4.5,1212
2013-05,1,hi,39.0,236
2013-05,1,lo,40.5,65
2013-05,2,lo,39.0,132
2013-05,2,hi,37.0,144
2013-05,2,lo,32.0,13369
2013-05,2,hi,7.0,3809
2013-05,1,hi,36.5,1096
2013-05,2,hi,5.0,5971
2013-05,1,hi,32.0,5605
2013-05,2,lo,34.5,3060
2013-05,2,hi,12.0,20054
2013-05,2,lo,44.5,2801
2013-05,2,hi,11.0,14851
2013-05,2,hi,8.0,6400
2013-05,1,hi,4.5,4536
2013-05,2,hi,31.5,2595
2013-05,2,lo,37.5,2825
2013-05,2,hi,41.5,106
2013-05,2,lo,4.5,1041
2013-05,2,lo,36.5,5437
2013-05,2,hi,23.0,1444
2013-05,2,hi,0.5,379
2013-05,1,hi,34.5,1041
2013-05,2,hi,24.5,801
2013-05,1,hi,37.5,668
2013-05,2,hi,32.5,389
2013-05,1,hi,40.5,125
2013-05,2,hi,43.5,87
2013-05,1,hi,44.5,96
2013-05,1,lo,39.0,1024
2013-05,2,lo,40.5,33
2013-05,2,hi,5.5,10036
2013-05,1,hi,19.0,12597
2013-05,1,lo,16.5,76118
2013-05,1,lo,35.5,7000
2013-05,1,hi,8.5,10106
2013-05,2,hi,20.0,270783
2013-05,2,lo,29.0,6480
2013-05,1,lo,26.5,71506
2013-05,2,lo,35.0,1934
2013-05,2,lo,33.0,6073
2013-05,2,lo,19.0,24256
2013-05,2,lo,8.5,33407
2013-05,2,hi,7.5,6308
2013-05,1,hi,29.0,4034
2013-05,1,hi,35.0,1198
2013-05,1,hi,33.0,1307
2013-05,2,hi,29.5,392
2013-05,1,lo,41.0,175
2013-05,1,lo,45.0,112
2013-05,1,hi,21.0,107886
2013-05,2,lo,21.0,234598
2013-05,1,hi,31.0,13841
2013-05,1,hi,15.5,12501
2013-05,1,hi,18.0,7914
2013-05,2,hi,42.0,50
2013-05,2,lo,15.5,55731
2013-05,2,lo,18.0,53711
2013-05,1,lo,25.0,57634
2013-05,2,lo,17.5,23136
2013-05,2,lo,31.0,11005
2013-05,1,hi,17.0,7007
2013-05,1,lo,4.0,1338
2013-05,1,hi,30.5,10750
2013-05,2,hi,14.5,13140
2013-05,2,lo,2.0,458
2013-05,1,lo,34.0,8548
2013-05,1,hi,17.5,6739
2013-05,1,lo,13.0,11074
2013-05,1,lo,26.0,63284
2013-05,1,lo,18.5,3717
2013-05,1,hi,2.0,648
2013-05,2,hi,19.5,4767
2013-05,1,lo,44.0,145
2013-05,1,hi,3.0,1439
2013-05,2,hi,1.0,279
2013-05,2,lo,17.0,4192
2013-05,2,hi,36.0,91
2013-05,2,lo,3.0,96
2013-05,2,lo,30.5,1843
2013-05,2,hi,39.5,57
2013-05,1,lo,42.5,42
2013-05,1,lo,19.0,29158
2013-05,1,lo,35.0,4190
2013-05,1,lo,29.0,16730
2013-05,2,lo,26.5,42317
2013-05,2,lo,16.5,68286
2013-05,1,hi,26.5,25359
2013-05,1,lo,8.5,35350
2013-05,2,hi,15.0,9158
2013-05,1,hi,16.5,9954
2013-05,2,hi,16.0,10800
2013-05,1,lo,33.0,9608
2013-05,2,hi,30.0,22322
2013-05,2,hi,33.5,418
2013-05,1,hi,35.5,1391
2013-05,1,hi,41.0,187
2013-05,2,lo,35.5,3028
2013-05,2,lo,41.0,107
2013-05,2,hi,28.0,616
2013-05,2,hi,27.0,479
2013-05,2,lo,45.0,57
2013-05,1,hi,45.0,29
2013-05,2,hi,43.0,57
2013-05,2,hi,25.5,40553
2013-05,2,hi,20.5,192344
2013-05,1,lo,11.5,11802
2013-05,2,hi,14.0,6932
2013-05,1,lo,13.5,57220
2013-05,2,lo,10.0,30575
2013-05,1,lo,9.0,23695
2013-05,2,lo,27.5,26701
2013-05,1,lo,12.5,56428
2013-05,1,hi,10.0,15809
2013-05,1,hi,3.5,1743
2013-05,2,lo,3.5,750
2013-05,2,hi,40.0,164
2013-05,2,hi,23.5,1570
2013-05,1,hi,27.5,4046
2013-05,2,hi,0.0,760
2013-05,1,hi,38.0,345
2013-05,2,hi,38.5,339
2013-05,2,lo,38.0,285
2013-05,1,lo,7.5,23228
2013-05,1,hi,28.0,8075
2013-05,1,lo,29.5,10783
2013-05,2,lo,16.0,25064
2013-05,2,hi,26.5,9236
2013-05,2,hi,16.5,10403
2013-05,2,lo,27.0,31987
2013-05,2,lo,33.5,12678
2013-05,1,lo,20.0,64515
2013-05,2,lo,15.0,25676
2013-05,2,lo,28.0,18187
2013-05,1,hi,33.5,2630
2013-05,1,hi,16.0,10509
2013-05,1,hi,27.0,5998
2013-05,1,lo,5.5,3769
2013-05,1,hi,15.0,8524
2013-05,2,lo,30.0,74676
2013-05,1,hi,30.0,4447
2013-05,2,lo,43.0,896
2013-05,2,hi,41.0,116
2013-05,2,hi,35.5,215
2013-05,2,hi,45.0,35
2013-05,1,hi,43.0,82
2013-05,1,lo,17.5,25174
2013-05,1,hi,26.0,29277
2013-05,1,lo,15.5,61790
2013-05,1,lo,31.0,20338
2013-05,2,lo,26.0,41550
2013-05,1,lo,18.0,61772
2013-05,2,lo,25.0,196610
2013-05,1,lo,21.0,299238
2013-05,1,lo,30.5,4917
2013-05,2,lo,13.0,10881
2013-05,2,lo,18.5,3783
2013-05,2,hi,10.5,14290
2013-05,2,hi,2.5,544
2013-05,1,hi,13.0,16166
2013-05,1,hi,25.0,11310
2013-05,2,hi,9.5,18750
2013-05,2,lo,44.0,146
2013-05,1,hi,18.5,3515
2013-05,2,lo,34.0,4150
2013-05,1,hi,4.0,3467
2013-05,1,hi,34.0,703
2013-05,1,lo,2.0,1070
2013-05,1,lo,17.0,3996
2013-05,2,lo,4.0,1068
2013-05,1,hi,42.5,135
2013-05,2,hi,1.5,200
2013-05,1,lo,3.0,222
2013-05,2,hi,28.5,370
2013-05,1,hi,44.0,85
2013-05,2,lo,42.5,24
2013-05,1,lo,14.5,68498
2013-05,2,hi,13.0,15630
2013-05,1,hi,9.5,20329
2013-05,1,lo,36.0,3505
2013-05,2,hi,25.0,73061
2013-05,2,lo,1.5,788
2013-05,2,hi,26.0,20446
2013-05,2,lo,10.5,41147
2013-05,2,lo,9.5,23178
2013-05,2,lo,28.5,13393
2013-05,2,hi,18.5,3180
2013-05,1,lo,19.5,974
2013-05,1,lo,1.0,1753
2013-05,1,hi,10.5,15758
2013-05,2,hi,4.0,2822
2013-05,1,hi,2.5,745
2013-05,1,hi,28.5,2586
2013-05,1,lo,42.0,328
2013-05,2,hi,34.0,153
2013-05,1,lo,39.5,84
2013-05,1,hi,1.5,355
2013-05,2,lo,2.5,166
2013-05,2,hi,42.5,139
2013-05,2,hi,44.0,65
2013-05,1,lo,22.0,261038
2013-05,1,lo,24.0,49701
2013-05,1,hi,31.5,8787
2013-05,2,lo,31.5,16657
2013-05,1,hi,5.0,7194
2013-05,1,hi,12.0,21400
2013-05,1,hi,11.0,15832
2013-05,2,lo,11.0,43385
2013-05,2,lo,32.5,14421
2013-05,2,lo,7.0,16779
2013-05,2,lo,12.0,44563
2013-05,2,hi,37.5,148
2013-05,1,hi,24.5,13097
2013-05,2,hi,4.5,4044
2013-05,2,lo,8.0,12863
2013-05,1,hi,23.0,12684
2013-05,1,hi,8.0,6934
2013-05,1,hi,32.5,2463
2013-05,2,lo,23.0,33736
2013-05,2,lo,24.5,8480
2013-05,1,hi,7.0,4150
2013-05,2,lo,0.5,523
2013-05,2,lo,41.5,687
2013-05,1,lo,37.0,1381
2013-05,2,lo,5.0,1622
2013-05,2,hi,34.5,260
2013-05,1,hi,0.5,747
2013-05,2,hi,36.5,166
2013-05,1,hi,41.5,150
2013-05,2,lo,43.5,206
2013-05,1,hi,43.5,86
2013-05,2,hi,32.0,1634
2013-05,2,hi,44.5,65
2013-05,2,hi,40.5,53
2013-05,1,lo,22.5,137204
2013-05,2,lo,20.5,42067
2013-05,1,lo,21.5,311693
2013-05,2,lo,23.5,32126
2013-05,1,hi,20.5,187977
2013-05,1,lo,6.0,1839
2013-05,1,hi,25.5,38092
2013-05,2,lo,0.0,1228
2013-05,2,lo,14.0,12007
2013-05,1,lo,6.5,3793
2013-05,1,hi,23.5,18263
2013-05,2,hi,10.0,14667
2013-05,1,hi,14.0,6486
2013-05,2,lo,40.0,4730
2013-05,2,hi,3.5,1414
2013-05,2,hi,27.5,326
2013-05,1,hi,0.0,1705
2013-05,2,lo,25.5,347
2013-05,2,lo,38.5,621
2013-05,2,hi,38.0,79
2013-05,1,hi,38.5,515
2013-05,1,hi,40.0,269
2013-05,2,lo,22.0,156070
2013-05,1,lo,23.0,98103
2013-05,1,lo,11.0,46965
2013-05,1,lo,12.0,48671
2013-05,1,hi,22.0,45872
2013-05,1,hi,24.0,16993
2013-05,1,lo,7.0,17625
2013-05,1,lo,24.5,41460
2013-05,1,lo,32.5,19240
2013-05,2,lo,24.0,12678
2013-05,1,lo,31.5,21164
2013-05,1,lo,8.0,13354
2013-05,1,lo,0.5,934
2013-05,1,lo,5.0,2053
2013-05,1,lo,41.5,1338
2013-05,2,hi,39.0,134
2013-05,1,lo,43.5,352
2013-05,1,hi,37.0,753
2013-05,2,lo,37.0,286
